INSERT INTO `sbnz`.`champion` (`attack_type`, `damage_type`, `difficulty`, `name`, `style`) VALUES ('MEELE', 'PHYSICAL', 'II', 'Aatrox', '25');
INSERT INTO `sbnz`.`champion` (`attack_type`, `damage_type`, `difficulty`, `name`, `style`) VALUES ('RANGED', 'MAGIC', 'II', 'Ahri', '100');
INSERT INTO `sbnz`.`champion` (`attack_type`, `damage_type`, `difficulty`, `name`, `style`) VALUES ('MEELE', 'MIXED', 'II', 'Akali', '70');
INSERT INTO `sbnz`.`champion` (`attack_type`, `damage_type`, `difficulty`, `name`, `style`) VALUES ('RANGED', 'MIXED', 'III', 'Akshan', '0');
INSERT INTO `sbnz`.`champion` (`attack_type`, `damage_type`, `difficulty`, `name`, `style`) VALUES ('MEELE', 'MAGIC', 'I', 'Alistar', '70');
INSERT INTO `sbnz`.`champion` (`attack_type`, `damage_type`, `difficulty`, `name`, `style`) VALUES ('MEELE', 'MAGIC', 'I', 'Amumu', '95');
INSERT INTO `sbnz`.`champion` (`attack_type`, `damage_type`, `difficulty`, `name`, `style`) VALUES ('RANGED', 'MAGIC', 'III', 'Anivia', '100');
INSERT INTO `sbnz`.`champion` (`attack_type`, `damage_type`, `difficulty`, `name`, `style`) VALUES ('RANGED', 'MAGIC', 'I', 'Annie', '100');
INSERT INTO `sbnz`.`champion` (`attack_type`, `damage_type`, `difficulty`, `name`, `style`) VALUES ('RANGED', 'PHYSICAL', 'III', 'Aphelios', '20');
INSERT INTO `sbnz`.`champion` (`attack_type`, `damage_type`, `difficulty`, `name`, `style`) VALUES ('RANGED', 'PHYSICAL', 'I', 'Ashe', '20');
INSERT INTO `sbnz`.`champion` (`attack_type`, `damage_type`, `difficulty`, `name`, `style`) VALUES ('RANGED', 'MAGIC', 'III', 'Aurelion Sol', '100');
INSERT INTO `sbnz`.`champion` (`attack_type`, `damage_type`, `difficulty`, `name`, `style`) VALUES ('RANGED', 'MAGIC', 'III', 'Azir', '45');
INSERT INTO `sbnz`.`champion` (`attack_type`, `damage_type`, `difficulty`, `name`, `style`) VALUES ('RANGED', 'MAGIC', 'III', 'Bard', '70');
INSERT INTO `sbnz`.`champion` (`attack_type`, `damage_type`, `difficulty`, `name`, `style`) VALUES ('MEELE', 'MAGIC', 'I', 'Blitzcrank', '90');
INSERT INTO `sbnz`.`champion` (`attack_type`, `damage_type`, `difficulty`, `name`, `style`) VALUES ('RANGED', 'MAGIC', 'II', 'Brand', '100');
INSERT INTO `sbnz`.`champion` (`attack_type`, `damage_type`, `difficulty`, `name`, `style`) VALUES ('MEELE', 'MAGIC', 'II', 'Braum', '90');
INSERT INTO `sbnz`.`champion` (`attack_type`, `damage_type`, `difficulty`, `name`, `style`) VALUES ('RANGED', 'PHYSICAL', 'I', 'Caitlyn', '10');
INSERT INTO `sbnz`.`champion` (`attack_type`, `damage_type`, `difficulty`, `name`, `style`) VALUES ('MEELE', 'PHYSICAL', 'III', 'Camille', '30');
INSERT INTO `sbnz`.`champion` (`attack_type`, `damage_type`, `difficulty`, `name`, `style`) VALUES ('RANGED', 'MAGIC', 'III', 'Cassiopeia', '100');
INSERT INTO `sbnz`.`champion` (`attack_type`, `damage_type`, `difficulty`, `name`, `style`) VALUES ('MEELE', 'MAGIC', 'I', 'Cho Gath', '70');
INSERT INTO `sbnz`.`champion` (`attack_type`, `damage_type`, `difficulty`, `name`, `style`) VALUES ('RANGED', 'MIXED', 'II', 'Corki', '40');
INSERT INTO `sbnz`.`champion` (`attack_type`, `damage_type`, `difficulty`, `name`, `style`) VALUES ('MEELE', 'PHYSICAL', 'II', 'Darius', '55');
INSERT INTO `sbnz`.`champion` (`attack_type`, `damage_type`, `difficulty`, `name`, `style`) VALUES ('MEELE', 'MAGIC', 'I', 'Diana', '70');
INSERT INTO `sbnz`.`champion` (`attack_type`, `damage_type`, `difficulty`, `name`, `style`) VALUES ('RANGED', 'PHYSICAL', 'III', 'Draven', '10');
INSERT INTO `sbnz`.`champion` (`attack_type`, `damage_type`, `difficulty`, `name`, `style`) VALUES ('MEELE', 'MIXED', 'I', 'Dr. Mundo', '50');
INSERT INTO `sbnz`.`champion` (`attack_type`, `damage_type`, `difficulty`, `name`, `style`) VALUES ('MEELE', 'MAGIC', 'III', 'Ekko', '80');
INSERT INTO `sbnz`.`champion` (`attack_type`, `damage_type`, `difficulty`, `name`, `style`) VALUES ('HYBRID', 'MAGIC', 'III', 'Elise', '70');
INSERT INTO `sbnz`.`champion` (`attack_type`, `damage_type`, `difficulty`, `name`, `style`) VALUES ('MEELE', 'MAGIC', 'II', 'Evelynn', '80');
INSERT INTO `sbnz`.`champion` (`attack_type`, `damage_type`, `difficulty`, `name`, `style`) VALUES ('RANGED', 'MAGIC', 'I', 'Ezreal', '0');
INSERT INTO `sbnz`.`champion` (`attack_type`, `damage_type`, `difficulty`, `name`, `style`) VALUES ('RANGED', 'MAGIC', 'II', 'Fiddlesticks', '100');
INSERT INTO `sbnz`.`champion` (`attack_type`, `damage_type`, `difficulty`, `name`, `style`) VALUES ('MEELE', 'PHYSICAL', 'III', 'Fiora', '15');
INSERT INTO `sbnz`.`champion` (`attack_type`, `damage_type`, `difficulty`, `name`, `style`) VALUES ('MEELE', 'MAGIC', 'III', 'Fizz', '95');
INSERT INTO `sbnz`.`champion` (`attack_type`, `damage_type`, `difficulty`, `name`, `style`) VALUES ('MEELE', 'MAGIC', 'II', 'Galio', '100');
INSERT INTO `sbnz`.`champion` (`attack_type`, `damage_type`, `difficulty`, `name`, `style`) VALUES ('MEELE', 'PHYSICAL', 'III', 'Gangplank', '80');
INSERT INTO `sbnz`.`champion` (`attack_type`, `damage_type`, `difficulty`, `name`, `style`) VALUES ('MEELE', 'PHYSICAL', 'I', 'Garen', '80');
INSERT INTO `sbnz`.`champion` (`attack_type`, `damage_type`, `difficulty`, `name`, `style`) VALUES ('HYBRID', 'PHYSICAL', 'III', 'Gnar', '50');
INSERT INTO `sbnz`.`champion` (`attack_type`, `damage_type`, `difficulty`, `name`, `style`) VALUES ('MEELE', 'MAGIC', 'II', 'Gragas', '90');
INSERT INTO `sbnz`.`champion` (`attack_type`, `damage_type`, `difficulty`, `name`, `style`) VALUES ('RANGED', 'PHYSICAL', 'II', 'Graves', '20');
INSERT INTO `sbnz`.`champion` (`attack_type`, `damage_type`, `difficulty`, `name`, `style`) VALUES ('MEELE', 'MAGIC', 'II', 'Gwen', '50');
INSERT INTO `sbnz`.`champion` (`attack_type`, `damage_type`, `difficulty`, `name`, `style`) VALUES ('MEELE', 'PHYSICAL', 'II', 'Hecarim', '70');
INSERT INTO `sbnz`.`champion` (`attack_type`, `damage_type`, `difficulty`, `name`, `style`) VALUES ('RANGED', 'MAGIC', 'II', 'Heimerdinger', '100');
INSERT INTO `sbnz`.`champion` (`attack_type`, `damage_type`, `difficulty`, `name`, `style`) VALUES ('MEELE', 'PHYSICAL', 'II', 'Illaoi', '70');
INSERT INTO `sbnz`.`champion` (`attack_type`, `damage_type`, `difficulty`, `name`, `style`) VALUES ('MEELE', 'MIXED', 'III', 'Irelia', '30');
INSERT INTO `sbnz`.`champion` (`attack_type`, `damage_type`, `difficulty`, `name`, `style`) VALUES ('RANGED', 'MAGIC', 'III', 'Ivern', '0');
INSERT INTO `sbnz`.`champion` (`attack_type`, `damage_type`, `difficulty`, `name`, `style`) VALUES ('RANGED', 'MAGIC', 'I', 'Janna', '100');
INSERT INTO `sbnz`.`champion` (`attack_type`, `damage_type`, `difficulty`, `name`, `style`) VALUES ('MEELE', 'PHYSICAL', 'I', 'Jarvan IV', '60');
INSERT INTO `sbnz`.`champion` (`attack_type`, `damage_type`, `difficulty`, `name`, `style`) VALUES ('MEELE', 'MIXED', 'II', 'Jax', '10');
INSERT INTO `sbnz`.`champion` (`attack_type`, `damage_type`, `difficulty`, `name`, `style`) VALUES ('HYBRID', 'PHYSICAL', 'II', 'Jayce', '40');
INSERT INTO `sbnz`.`champion` (`attack_type`, `damage_type`, `difficulty`, `name`, `style`) VALUES ('RANGED', 'PHYSICAL', 'II', 'Jhin', '20');
INSERT INTO `sbnz`.`champion` (`attack_type`, `damage_type`, `difficulty`, `name`, `style`) VALUES ('RANGED', 'PHYSICAL', 'II', 'Jinx', '10');
INSERT INTO `sbnz`.`champion` (`attack_type`, `damage_type`, `difficulty`, `name`, `style`) VALUES ('RANGED', 'MIXED', 'II', 'KaiSa', '10');
INSERT INTO `sbnz`.`champion` (`attack_type`, `damage_type`, `difficulty`, `name`, `style`) VALUES ('RANGED', 'PHYSICAL', 'III', 'Kalista', '10');
INSERT INTO `sbnz`.`champion` (`attack_type`, `damage_type`, `difficulty`, `name`, `style`) VALUES ('RANGED', 'MAGIC', 'I', 'Karma', '100');
INSERT INTO `sbnz`.`champion` (`attack_type`, `damage_type`, `difficulty`, `name`, `style`) VALUES ('RANGED', 'MAGIC', 'II', 'Karthus', '100');
INSERT INTO `sbnz`.`champion` (`attack_type`, `damage_type`, `difficulty`, `name`, `style`) VALUES ('MEELE', 'MAGIC', 'II', 'Kassadin', '90');
INSERT INTO `sbnz`.`champion` (`attack_type`, `damage_type`, `difficulty`, `name`, `style`) VALUES ('MEELE', 'MAGIC', 'III', 'Katarina', '100');
INSERT INTO `sbnz`.`champion` (`attack_type`, `damage_type`, `difficulty`, `name`, `style`) VALUES ('HYBRID', 'MIXED', 'II', 'Kayle', '20');
INSERT INTO `sbnz`.`champion` (`attack_type`, `damage_type`, `difficulty`, `name`, `style`) VALUES ('MEELE', 'PHYSICAL', 'II', 'Kayn', '0');
INSERT INTO `sbnz`.`champion` (`attack_type`, `damage_type`, `difficulty`, `name`, `style`) VALUES ('MEELE', 'MAGIC', 'II', 'Kennen', '70');
INSERT INTO `sbnz`.`champion` (`attack_type`, `damage_type`, `difficulty`, `name`, `style`) VALUES ('MEELE', 'PHYSICAL', 'II', 'KhaZix', '60');
INSERT INTO `sbnz`.`champion` (`attack_type`, `damage_type`, `difficulty`, `name`, `style`) VALUES ('RANGED', 'PHYSICAL', 'III', 'Kindred', '20');
INSERT INTO `sbnz`.`champion` (`attack_type`, `damage_type`, `difficulty`, `name`, `style`) VALUES ('MEELE', 'PHYSICAL', 'II', 'Kled', '20');
INSERT INTO `sbnz`.`champion` (`attack_type`, `damage_type`, `difficulty`, `name`, `style`) VALUES ('RANGED', 'MIXED', 'II', 'KogMaw', '10');
INSERT INTO `sbnz`.`champion` (`attack_type`, `damage_type`, `difficulty`, `name`, `style`) VALUES ('RANGED', 'MAGIC', 'III', 'LeBlanc', '100');
INSERT INTO `sbnz`.`champion` (`attack_type`, `damage_type`, `difficulty`, `name`, `style`) VALUES ('MEELE', 'PHYSICAL', 'III', 'Lee Sin', '60');
INSERT INTO `sbnz`.`champion` (`attack_type`, `damage_type`, `difficulty`, `name`, `style`) VALUES ('MEELE', 'MAGIC', 'I', 'Leona', '90');
INSERT INTO `sbnz`.`champion` (`attack_type`, `damage_type`, `difficulty`, `name`, `style`) VALUES ('MEELE', 'MAGIC', 'III', 'Lillia', '80');
INSERT INTO `sbnz`.`champion` (`attack_type`, `damage_type`, `difficulty`, `name`, `style`) VALUES ('RANGED', 'MAGIC', 'II', 'Lissandra', '100');
INSERT INTO `sbnz`.`champion` (`attack_type`, `damage_type`, `difficulty`, `name`, `style`) VALUES ('RANGED', 'PHYSICAL', 'II', 'Lucian', '30');
INSERT INTO `sbnz`.`champion` (`attack_type`, `damage_type`, `difficulty`, `name`, `style`) VALUES ('RANGED', 'MAGIC', 'II', 'Lulu', '80');
INSERT INTO `sbnz`.`champion` (`attack_type`, `damage_type`, `difficulty`, `name`, `style`) VALUES ('RANGED', 'MAGIC', 'I', 'Lux', '90');
INSERT INTO `sbnz`.`champion` (`attack_type`, `damage_type`, `difficulty`, `name`, `style`) VALUES ('MEELE', 'MAGIC', 'I', 'Malphite', '80');
INSERT INTO `sbnz`.`champion` (`attack_type`, `damage_type`, `difficulty`, `name`, `style`) VALUES ('RANGED', 'MAGIC', 'I', 'Malzahar', '100');
INSERT INTO `sbnz`.`champion` (`attack_type`, `damage_type`, `difficulty`, `name`, `style`) VALUES ('MEELE', 'MAGIC', 'I', 'Maokai', '80');
INSERT INTO `sbnz`.`champion` (`attack_type`, `damage_type`, `difficulty`, `name`, `style`) VALUES ('MEELE', 'PHYSICAL', 'I', 'Master Yi', '10');
INSERT INTO `sbnz`.`champion` (`attack_type`, `damage_type`, `difficulty`, `name`, `style`) VALUES ('RANGED', 'PHYSICAL', 'I', 'Miss Fortune', '30');
INSERT INTO `sbnz`.`champion` (`attack_type`, `damage_type`, `difficulty`, `name`, `style`) VALUES ('MEELE', 'MAGIC', 'II', 'Mordekaiser', '80');
INSERT INTO `sbnz`.`champion` (`attack_type`, `damage_type`, `difficulty`, `name`, `style`) VALUES ('RANGED', 'MAGIC', 'I', 'Morgana', '100');
INSERT INTO `sbnz`.`champion` (`attack_type`, `damage_type`, `difficulty`, `name`, `style`) VALUES ('RANGED', 'MAGIC', 'II', 'Nami', '90');
INSERT INTO `sbnz`.`champion` (`attack_type`, `damage_type`, `difficulty`, `name`, `style`) VALUES ('MEELE', 'PHYSICAL', 'I', 'Nasus', '20');
INSERT INTO `sbnz`.`champion` (`attack_type`, `damage_type`, `difficulty`, `name`, `style`) VALUES ('MEELE', 'MAGIC', 'II', 'Nautilus', '80');
INSERT INTO `sbnz`.`champion` (`attack_type`, `damage_type`, `difficulty`, `name`, `style`) VALUES ('RANGED', 'MAGIC', 'I', 'Neeko', '80');
INSERT INTO `sbnz`.`champion` (`attack_type`, `damage_type`, `difficulty`, `name`, `style`) VALUES ('HYBRID', 'MAGIC', 'III', 'Nidalee', '80');
INSERT INTO `sbnz`.`champion` (`attack_type`, `damage_type`, `difficulty`, `name`, `style`) VALUES ('MEELE', 'PHYSICAL', 'I', 'Nocturne', '30');
INSERT INTO `sbnz`.`champion` (`attack_type`, `damage_type`, `difficulty`, `name`, `style`) VALUES ('MEELE', 'MAGIC', 'I', 'Nunu & Willump', '80');
INSERT INTO `sbnz`.`champion` (`attack_type`, `damage_type`, `difficulty`, `name`, `style`) VALUES ('MEELE', 'PHYSICAL', 'II', 'Olaf', '30');
INSERT INTO `sbnz`.`champion` (`attack_type`, `damage_type`, `difficulty`, `name`, `style`) VALUES ('RANGED', 'MAGIC', 'II', 'Orianna', '90');
INSERT INTO `sbnz`.`champion` (`attack_type`, `damage_type`, `difficulty`, `name`, `style`) VALUES ('MEELE', 'MIXED', 'II', 'Ornn', '70');
INSERT INTO `sbnz`.`champion` (`attack_type`, `damage_type`, `difficulty`, `name`, `style`) VALUES ('MEELE', 'PHYSICAL', 'I', 'Pantheon', '80');
INSERT INTO `sbnz`.`champion` (`attack_type`, `damage_type`, `difficulty`, `name`, `style`) VALUES ('MEELE', 'PHYSICAL', 'II', 'Poppy', '80');
INSERT INTO `sbnz`.`champion` (`attack_type`, `damage_type`, `difficulty`, `name`, `style`) VALUES ('MEELE', 'PHYSICAL', 'II', 'Pyke', '70');
INSERT INTO `sbnz`.`champion` (`attack_type`, `damage_type`, `difficulty`, `name`, `style`) VALUES ('MEELE', 'PHYSICAL', 'III', 'Qiyana', '70');
INSERT INTO `sbnz`.`champion` (`attack_type`, `damage_type`, `difficulty`, `name`, `style`) VALUES ('RANGED', 'PHYSICAL', 'II', 'Quinn', '20');
INSERT INTO `sbnz`.`champion` (`attack_type`, `damage_type`, `difficulty`, `name`, `style`) VALUES ('MEELE', 'MAGIC', 'II', 'Rakan', '90');
INSERT INTO `sbnz`.`champion` (`attack_type`, `damage_type`, `difficulty`, `name`, `style`) VALUES ('MEELE', 'MIXED', 'I', 'Rammus', '70');
INSERT INTO `sbnz`.`champion` (`attack_type`, `damage_type`, `difficulty`, `name`, `style`) VALUES ('MEELE', 'PHYSICAL', 'II', 'RekSai', '30');
INSERT INTO `sbnz`.`champion` (`attack_type`, `damage_type`, `difficulty`, `name`, `style`) VALUES ('MEELE', 'MAGIC', 'II', 'Rell', '90');
INSERT INTO `sbnz`.`champion` (`attack_type`, `damage_type`, `difficulty`, `name`, `style`) VALUES ('RANGED', 'MAGIC', 'II', 'Renata Glasc', '80');
INSERT INTO `sbnz`.`champion` (`attack_type`, `damage_type`, `difficulty`, `name`, `style`) VALUES ('MEELE', 'PHYSICAL', 'I', 'Renekton', '40');
INSERT INTO `sbnz`.`champion` (`attack_type`, `damage_type`, `difficulty`, `name`, `style`) VALUES ('MEELE', 'PHYSICAL', 'II', 'Rengar', '30');
INSERT INTO `sbnz`.`champion` (`attack_type`, `damage_type`, `difficulty`, `name`, `style`) VALUES ('MEELE', 'PHYSICAL', 'II', 'Riven', '80');
INSERT INTO `sbnz`.`champion` (`attack_type`, `damage_type`, `difficulty`, `name`, `style`) VALUES ('MEELE', 'MAGIC', 'III', 'Rumble', '90');
INSERT INTO `sbnz`.`champion` (`attack_type`, `damage_type`, `difficulty`, `name`, `style`) VALUES ('RANGED', 'MAGIC', 'II', 'Ryze', '100');
INSERT INTO `sbnz`.`champion` (`attack_type`, `damage_type`, `difficulty`, `name`, `style`) VALUES ('RANGED', 'PHYSICAL', 'II', 'Samira', '0');
INSERT INTO `sbnz`.`champion` (`attack_type`, `damage_type`, `difficulty`, `name`, `style`) VALUES ('MEELE', 'MAGIC', 'II', 'Sejuani', '80');
INSERT INTO `sbnz`.`champion` (`attack_type`, `damage_type`, `difficulty`, `name`, `style`) VALUES ('RANGED', 'PHYSICAL', 'II', 'Senna', '20');
INSERT INTO `sbnz`.`champion` (`attack_type`, `damage_type`, `difficulty`, `name`, `style`) VALUES ('RANGED', 'MAGIC', 'I', 'Seraphine', '100');
INSERT INTO `sbnz`.`champion` (`attack_type`, `damage_type`, `difficulty`, `name`, `style`) VALUES ('MEELE', 'PHYSICAL', 'II', 'Sett', '30');
INSERT INTO `sbnz`.`champion` (`attack_type`, `damage_type`, `difficulty`, `name`, `style`) VALUES ('MEELE', 'PHYSICAL', 'II', 'Shaco', '40');
INSERT INTO `sbnz`.`champion` (`attack_type`, `damage_type`, `difficulty`, `name`, `style`) VALUES ('MEELE', 'MIXED', 'II', 'Shen', '50');
INSERT INTO `sbnz`.`champion` (`attack_type`, `damage_type`, `difficulty`, `name`, `style`) VALUES ('MEELE', 'PHYSICAL', 'I', 'Shyvana', '60');
INSERT INTO `sbnz`.`champion` (`attack_type`, `damage_type`, `difficulty`, `name`, `style`) VALUES ('MEELE', 'MAGIC', 'II', 'Singed', '100');
INSERT INTO `sbnz`.`champion` (`attack_type`, `damage_type`, `difficulty`, `name`, `style`) VALUES ('MEELE', 'PHYSICAL', 'I', 'Sion', '70');
INSERT INTO `sbnz`.`champion` (`attack_type`, `damage_type`, `difficulty`, `name`, `style`) VALUES ('RANGED', 'PHYSICAL', 'II', 'Sivir', '10');
INSERT INTO `sbnz`.`champion` (`attack_type`, `damage_type`, `difficulty`, `name`, `style`) VALUES ('MEELE', 'MIXED', 'I', 'Skarner', '50');
INSERT INTO `sbnz`.`champion` (`attack_type`, `damage_type`, `difficulty`, `name`, `style`) VALUES ('RANGED', 'MAGIC', 'I', 'Sona', '90');
INSERT INTO `sbnz`.`champion` (`attack_type`, `damage_type`, `difficulty`, `name`, `style`) VALUES ('RANGED', 'MAGIC', 'I', 'Soraka', '100');
INSERT INTO `sbnz`.`champion` (`attack_type`, `damage_type`, `difficulty`, `name`, `style`) VALUES ('RANGED', 'MAGIC', 'II', 'Swain', '100');
INSERT INTO `sbnz`.`champion` (`attack_type`, `damage_type`, `difficulty`, `name`, `style`) VALUES ('MEELE', 'MAGIC', 'III', 'Sylas', '70');
INSERT INTO `sbnz`.`champion` (`attack_type`, `damage_type`, `difficulty`, `name`, `style`) VALUES ('RANGED', 'MAGIC', 'II', 'Syndra', '100');
INSERT INTO `sbnz`.`champion` (`attack_type`, `damage_type`, `difficulty`, `name`, `style`) VALUES ('MEELE', 'MAGIC', 'I', 'Tahm Kench', '70');
INSERT INTO `sbnz`.`champion` (`attack_type`, `damage_type`, `difficulty`, `name`, `style`) VALUES ('RANGED', 'MAGIC', 'II', 'Taliyah', '100');
INSERT INTO `sbnz`.`champion` (`attack_type`, `damage_type`, `difficulty`, `name`, `style`) VALUES ('MEELE', 'PHYSICAL', 'II', 'Talon', '70');
INSERT INTO `sbnz`.`champion` (`attack_type`, `damage_type`, `difficulty`, `name`, `style`) VALUES ('MEELE', 'MAGIC', 'II', 'Taric', '80');
INSERT INTO `sbnz`.`champion` (`attack_type`, `damage_type`, `difficulty`, `name`, `style`) VALUES ('RANGED', 'MAGIC', 'I', 'Teemo', '30');
INSERT INTO `sbnz`.`champion` (`attack_type`, `damage_type`, `difficulty`, `name`, `style`) VALUES ('RANGED', 'MAGIC', 'III', 'Thresh', '80');
INSERT INTO `sbnz`.`champion` (`attack_type`, `damage_type`, `difficulty`, `name`, `style`) VALUES ('RANGED', 'PHYSICAL', 'I', 'Tristana', '20');
INSERT INTO `sbnz`.`champion` (`attack_type`, `damage_type`, `difficulty`, `name`, `style`) VALUES ('MEELE', 'PHYSICAL', 'I', 'Trundle', '20');
INSERT INTO `sbnz`.`champion` (`attack_type`, `damage_type`, `difficulty`, `name`, `style`) VALUES ('MEELE', 'PHYSICAL', 'I', 'Tryndamere', '10');
INSERT INTO `sbnz`.`champion` (`attack_type`, `damage_type`, `difficulty`, `name`, `style`) VALUES ('RANGED', 'MAGIC', 'II', 'Twisted Fate', '70');
INSERT INTO `sbnz`.`champion` (`attack_type`, `damage_type`, `difficulty`, `name`, `style`) VALUES ('RANGED', 'PHYSICAL', 'II', 'Twitch', '0');
INSERT INTO `sbnz`.`champion` (`attack_type`, `damage_type`, `difficulty`, `name`, `style`) VALUES ('MEELE', 'MIXED', 'II', 'Udyr', '30');
INSERT INTO `sbnz`.`champion` (`attack_type`, `damage_type`, `difficulty`, `name`, `style`) VALUES ('RANGED', 'PHYSICAL', 'II', 'Urgot', '50');
INSERT INTO `sbnz`.`champion` (`attack_type`, `damage_type`, `difficulty`, `name`, `style`) VALUES ('RANGED', 'PHYSICAL', 'II', 'Varus', '20');
INSERT INTO `sbnz`.`champion` (`attack_type`, `damage_type`, `difficulty`, `name`, `style`) VALUES ('RANGED', 'PHYSICAL', 'II', 'Vayne', '0');
INSERT INTO `sbnz`.`champion` (`attack_type`, `damage_type`, `difficulty`, `name`, `style`) VALUES ('RANGED', 'MAGIC', 'II', 'Veigar', '100');
INSERT INTO `sbnz`.`champion` (`attack_type`, `damage_type`, `difficulty`, `name`, `style`) VALUES ('RANGED', 'MAGIC', 'II', 'VelKoz', '100');
INSERT INTO `sbnz`.`champion` (`attack_type`, `damage_type`, `difficulty`, `name`, `style`) VALUES ('RANGED', 'MAGIC', 'II', 'Vex', '90');
INSERT INTO `sbnz`.`champion` (`attack_type`, `damage_type`, `difficulty`, `name`, `style`) VALUES ('MEELE', 'PHYSICAL', 'I', 'Vi', '50');
INSERT INTO `sbnz`.`champion` (`attack_type`, `damage_type`, `difficulty`, `name`, `style`) VALUES ('MEELE', 'PHYSICAL', 'III', 'Viego', '20');
INSERT INTO `sbnz`.`champion` (`attack_type`, `damage_type`, `difficulty`, `name`, `style`) VALUES ('RANGED', 'MAGIC', 'III', 'Viktor', '90');
INSERT INTO `sbnz`.`champion` (`attack_type`, `damage_type`, `difficulty`, `name`, `style`) VALUES ('RANGED', 'MAGIC', 'II', 'Vladimir', '100');
INSERT INTO `sbnz`.`champion` (`attack_type`, `damage_type`, `difficulty`, `name`, `style`) VALUES ('MEELE', 'PHYSICAL', 'I', 'Volibear', '30');
INSERT INTO `sbnz`.`champion` (`attack_type`, `damage_type`, `difficulty`, `name`, `style`) VALUES ('MEELE', 'PHYSICAL', 'I', 'Warwick', '30');
INSERT INTO `sbnz`.`champion` (`attack_type`, `damage_type`, `difficulty`, `name`, `style`) VALUES ('MEELE', 'PHYSICAL', 'I', 'Wukong', '50');
INSERT INTO `sbnz`.`champion` (`attack_type`, `damage_type`, `difficulty`, `name`, `style`) VALUES ('RANGED', 'PHYSICAL', 'II', 'Xayah', '30');
INSERT INTO `sbnz`.`champion` (`attack_type`, `damage_type`, `difficulty`, `name`, `style`) VALUES ('RANGED', 'MAGIC', 'II', 'Xerath', '90');
INSERT INTO `sbnz`.`champion` (`attack_type`, `damage_type`, `difficulty`, `name`, `style`) VALUES ('MEELE', 'PHYSICAL', 'I', 'Xin Zhao', '30');
INSERT INTO `sbnz`.`champion` (`attack_type`, `damage_type`, `difficulty`, `name`, `style`) VALUES ('MEELE', 'PHYSICAL', 'III', 'Yasuo', '20');
INSERT INTO `sbnz`.`champion` (`attack_type`, `damage_type`, `difficulty`, `name`, `style`) VALUES ('MEELE', 'PHYSICAL', 'III', 'Yone', '50');
INSERT INTO `sbnz`.`champion` (`attack_type`, `damage_type`, `difficulty`, `name`, `style`) VALUES ('MEELE', 'MIXED', 'II', 'Yorick', '60');
INSERT INTO `sbnz`.`champion` (`attack_type`, `damage_type`, `difficulty`, `name`, `style`) VALUES ('RANGED', 'MAGIC', 'I', 'Yuumi', '100');
INSERT INTO `sbnz`.`champion` (`attack_type`, `damage_type`, `difficulty`, `name`, `style`) VALUES ('MEELE', 'MAGIC', 'I', 'Zac', '100');
INSERT INTO `sbnz`.`champion` (`attack_type`, `damage_type`, `difficulty`, `name`, `style`) VALUES ('MEELE', 'PHYSICAL', 'III', 'Zed', '50');
INSERT INTO `sbnz`.`champion` (`attack_type`, `damage_type`, `difficulty`, `name`, `style`) VALUES ('RANGED', 'MIXED', 'II', 'Zeri', '30');
INSERT INTO `sbnz`.`champion` (`attack_type`, `damage_type`, `difficulty`, `name`, `style`) VALUES ('RANGED', 'MAGIC', 'II', 'Ziggs', '90');
INSERT INTO `sbnz`.`champion` (`attack_type`, `damage_type`, `difficulty`, `name`, `style`) VALUES ('RANGED', 'MAGIC', 'II', 'Zilean', '100');
INSERT INTO `sbnz`.`champion` (`attack_type`, `damage_type`, `difficulty`, `name`, `style`) VALUES ('RANGED', 'MAGIC', 'III', 'Zoe', '100');
INSERT INTO `sbnz`.`champion` (`attack_type`, `damage_type`, `difficulty`, `name`, `style`) VALUES ('RANGED', 'MAGIC', 'II', 'Zyra', '100');


INSERT INTO `sbnz`.`champ_class` (`id`, `champ_class`) VALUES ('1', 'ASSASSIN');
INSERT INTO `sbnz`.`champ_class` (`id`, `champ_class`) VALUES ('2', 'FIGHTER');
INSERT INTO `sbnz`.`champ_class` (`id`, `champ_class`) VALUES ('3', 'MAGE');
INSERT INTO `sbnz`.`champ_class` (`id`, `champ_class`) VALUES ('4', 'MARKSMAN');
INSERT INTO `sbnz`.`champ_class` (`id`, `champ_class`) VALUES ('5', 'SUPPORT');
INSERT INTO `sbnz`.`champ_class` (`id`, `champ_class`) VALUES ('6', 'TANK');


INSERT INTO `sbnz`.`champ_classes` (`champion_id`, `champ_class_id`) VALUES ('1', '2');
INSERT INTO `sbnz`.`champ_classes` (`champion_id`, `champ_class_id`) VALUES ('1', '6');

INSERT INTO `sbnz`.`champ_classes` (`champion_id`, `champ_class_id`) VALUES ('2', '1');
INSERT INTO `sbnz`.`champ_classes` (`champion_id`, `champ_class_id`) VALUES ('2', '3');

INSERT INTO `sbnz`.`champ_classes` (`champion_id`, `champ_class_id`) VALUES ('3', '1');

INSERT INTO `sbnz`.`champ_classes` (`champion_id`, `champ_class_id`) VALUES ('4', '1');
INSERT INTO `sbnz`.`champ_classes` (`champion_id`, `champ_class_id`) VALUES ('4', '4');

INSERT INTO `sbnz`.`champ_classes` (`champion_id`, `champ_class_id`) VALUES ('5', '5');
INSERT INTO `sbnz`.`champ_classes` (`champion_id`, `champ_class_id`) VALUES ('5', '6');

INSERT INTO `sbnz`.`champ_classes` (`champion_id`, `champ_class_id`) VALUES ('6', '3');
INSERT INTO `sbnz`.`champ_classes` (`champion_id`, `champ_class_id`) VALUES ('6', '6');

INSERT INTO `sbnz`.`champ_classes` (`champion_id`, `champ_class_id`) VALUES ('7', '3');
INSERT INTO `sbnz`.`champ_classes` (`champion_id`, `champ_class_id`) VALUES ('7', '5');

INSERT INTO `sbnz`.`champ_classes` (`champion_id`, `champ_class_id`) VALUES ('8', '3');

INSERT INTO `sbnz`.`champ_classes` (`champion_id`, `champ_class_id`) VALUES ('9', '4');

INSERT INTO `sbnz`.`champ_classes` (`champion_id`, `champ_class_id`) VALUES ('10', '4');
INSERT INTO `sbnz`.`champ_classes` (`champion_id`, `champ_class_id`) VALUES ('10', '5');

INSERT INTO `sbnz`.`champ_classes` (`champion_id`, `champ_class_id`) VALUES ('11', '3');

INSERT INTO `sbnz`.`champ_classes` (`champion_id`, `champ_class_id`) VALUES ('12', '3');
INSERT INTO `sbnz`.`champ_classes` (`champion_id`, `champ_class_id`) VALUES ('12', '4');

INSERT INTO `sbnz`.`champ_classes` (`champion_id`, `champ_class_id`) VALUES ('13', '3');
INSERT INTO `sbnz`.`champ_classes` (`champion_id`, `champ_class_id`) VALUES ('13', '5');

INSERT INTO `sbnz`.`champ_classes` (`champion_id`, `champ_class_id`) VALUES ('14', '2');
INSERT INTO `sbnz`.`champ_classes` (`champion_id`, `champ_class_id`) VALUES ('14', '6');

INSERT INTO `sbnz`.`champ_classes` (`champion_id`, `champ_class_id`) VALUES ('15', '3');

INSERT INTO `sbnz`.`champ_classes` (`champion_id`, `champ_class_id`) VALUES ('16', '5');
INSERT INTO `sbnz`.`champ_classes` (`champion_id`, `champ_class_id`) VALUES ('16', '6');

INSERT INTO `sbnz`.`champ_classes` (`champion_id`, `champ_class_id`) VALUES ('17', '4');

INSERT INTO `sbnz`.`champ_classes` (`champion_id`, `champ_class_id`) VALUES ('18', '2');
INSERT INTO `sbnz`.`champ_classes` (`champion_id`, `champ_class_id`) VALUES ('18', '6');

INSERT INTO `sbnz`.`champ_classes` (`champion_id`, `champ_class_id`) VALUES ('19', '3');

INSERT INTO `sbnz`.`champ_classes` (`champion_id`, `champ_class_id`) VALUES ('20', '3');
INSERT INTO `sbnz`.`champ_classes` (`champion_id`, `champ_class_id`) VALUES ('20', '6');

INSERT INTO `sbnz`.`champ_classes` (`champion_id`, `champ_class_id`) VALUES ('21', '4');

INSERT INTO `sbnz`.`champ_classes` (`champion_id`, `champ_class_id`) VALUES ('22', '2');
INSERT INTO `sbnz`.`champ_classes` (`champion_id`, `champ_class_id`) VALUES ('22', '6');

INSERT INTO `sbnz`.`champ_classes` (`champion_id`, `champ_class_id`) VALUES ('23', '2');
INSERT INTO `sbnz`.`champ_classes` (`champion_id`, `champ_class_id`) VALUES ('23', '3');

INSERT INTO `sbnz`.`champ_classes` (`champion_id`, `champ_class_id`) VALUES ('24', '4');

INSERT INTO `sbnz`.`champ_classes` (`champion_id`, `champ_class_id`) VALUES ('25', '2');
INSERT INTO `sbnz`.`champ_classes` (`champion_id`, `champ_class_id`) VALUES ('25', '6');

INSERT INTO `sbnz`.`champ_classes` (`champion_id`, `champ_class_id`) VALUES ('26', '1');
INSERT INTO `sbnz`.`champ_classes` (`champion_id`, `champ_class_id`) VALUES ('26', '2');

INSERT INTO `sbnz`.`champ_classes` (`champion_id`, `champ_class_id`) VALUES ('27', '2');
INSERT INTO `sbnz`.`champ_classes` (`champion_id`, `champ_class_id`) VALUES ('27', '3');

INSERT INTO `sbnz`.`champ_classes` (`champion_id`, `champ_class_id`) VALUES ('28', '1');
INSERT INTO `sbnz`.`champ_classes` (`champion_id`, `champ_class_id`) VALUES ('28', '3');

INSERT INTO `sbnz`.`champ_classes` (`champion_id`, `champ_class_id`) VALUES ('29', '3');
INSERT INTO `sbnz`.`champ_classes` (`champion_id`, `champ_class_id`) VALUES ('29', '4');

INSERT INTO `sbnz`.`champ_classes` (`champion_id`, `champ_class_id`) VALUES ('30', '3');
INSERT INTO `sbnz`.`champ_classes` (`champion_id`, `champ_class_id`) VALUES ('30', '5');

INSERT INTO `sbnz`.`champ_classes` (`champion_id`, `champ_class_id`) VALUES ('31', '1');
INSERT INTO `sbnz`.`champ_classes` (`champion_id`, `champ_class_id`) VALUES ('31', '2');

INSERT INTO `sbnz`.`champ_classes` (`champion_id`, `champ_class_id`) VALUES ('32', '1');
INSERT INTO `sbnz`.`champ_classes` (`champion_id`, `champ_class_id`) VALUES ('32', '2');

INSERT INTO `sbnz`.`champ_classes` (`champion_id`, `champ_class_id`) VALUES ('33', '3');
INSERT INTO `sbnz`.`champ_classes` (`champion_id`, `champ_class_id`) VALUES ('33', '6');

INSERT INTO `sbnz`.`champ_classes` (`champion_id`, `champ_class_id`) VALUES ('34', '2');

INSERT INTO `sbnz`.`champ_classes` (`champion_id`, `champ_class_id`) VALUES ('35', '2');
INSERT INTO `sbnz`.`champ_classes` (`champion_id`, `champ_class_id`) VALUES ('35', '6');

INSERT INTO `sbnz`.`champ_classes` (`champion_id`, `champ_class_id`) VALUES ('36', '2');
INSERT INTO `sbnz`.`champ_classes` (`champion_id`, `champ_class_id`) VALUES ('36', '6');

INSERT INTO `sbnz`.`champ_classes` (`champion_id`, `champ_class_id`) VALUES ('37', '2');
INSERT INTO `sbnz`.`champ_classes` (`champion_id`, `champ_class_id`) VALUES ('37', '3');

INSERT INTO `sbnz`.`champ_classes` (`champion_id`, `champ_class_id`) VALUES ('38', '4');

INSERT INTO `sbnz`.`champ_classes` (`champion_id`, `champ_class_id`) VALUES ('39', '1');
INSERT INTO `sbnz`.`champ_classes` (`champion_id`, `champ_class_id`) VALUES ('39', '2');

INSERT INTO `sbnz`.`champ_classes` (`champion_id`, `champ_class_id`) VALUES ('40', '2');
INSERT INTO `sbnz`.`champ_classes` (`champion_id`, `champ_class_id`) VALUES ('40', '6');

INSERT INTO `sbnz`.`champ_classes` (`champion_id`, `champ_class_id`) VALUES ('41', '3');
INSERT INTO `sbnz`.`champ_classes` (`champion_id`, `champ_class_id`) VALUES ('41', '5');

INSERT INTO `sbnz`.`champ_classes` (`champion_id`, `champ_class_id`) VALUES ('42', '2');
INSERT INTO `sbnz`.`champ_classes` (`champion_id`, `champ_class_id`) VALUES ('42', '6');

INSERT INTO `sbnz`.`champ_classes` (`champion_id`, `champ_class_id`) VALUES ('43', '1');
INSERT INTO `sbnz`.`champ_classes` (`champion_id`, `champ_class_id`) VALUES ('43', '2');

INSERT INTO `sbnz`.`champ_classes` (`champion_id`, `champ_class_id`) VALUES ('44', '3');
INSERT INTO `sbnz`.`champ_classes` (`champion_id`, `champ_class_id`) VALUES ('44', '5');

INSERT INTO `sbnz`.`champ_classes` (`champion_id`, `champ_class_id`) VALUES ('45', '3');
INSERT INTO `sbnz`.`champ_classes` (`champion_id`, `champ_class_id`) VALUES ('45', '5');

INSERT INTO `sbnz`.`champ_classes` (`champion_id`, `champ_class_id`) VALUES ('46', '2');
INSERT INTO `sbnz`.`champ_classes` (`champion_id`, `champ_class_id`) VALUES ('46', '6');

INSERT INTO `sbnz`.`champ_classes` (`champion_id`, `champ_class_id`) VALUES ('47', '1');
INSERT INTO `sbnz`.`champ_classes` (`champion_id`, `champ_class_id`) VALUES ('47', '2');

INSERT INTO `sbnz`.`champ_classes` (`champion_id`, `champ_class_id`) VALUES ('48', '2');
INSERT INTO `sbnz`.`champ_classes` (`champion_id`, `champ_class_id`) VALUES ('48', '4');

INSERT INTO `sbnz`.`champ_classes` (`champion_id`, `champ_class_id`) VALUES ('49', '3');
INSERT INTO `sbnz`.`champ_classes` (`champion_id`, `champ_class_id`) VALUES ('49', '4');

INSERT INTO `sbnz`.`champ_classes` (`champion_id`, `champ_class_id`) VALUES ('50', '4');

INSERT INTO `sbnz`.`champ_classes` (`champion_id`, `champ_class_id`) VALUES ('51', '4');

INSERT INTO `sbnz`.`champ_classes` (`champion_id`, `champ_class_id`) VALUES ('52', '4');

INSERT INTO `sbnz`.`champ_classes` (`champion_id`, `champ_class_id`) VALUES ('53', '3');
INSERT INTO `sbnz`.`champ_classes` (`champion_id`, `champ_class_id`) VALUES ('53', '5');

INSERT INTO `sbnz`.`champ_classes` (`champion_id`, `champ_class_id`) VALUES ('54', '3');

INSERT INTO `sbnz`.`champ_classes` (`champion_id`, `champ_class_id`) VALUES ('55', '1');
INSERT INTO `sbnz`.`champ_classes` (`champion_id`, `champ_class_id`) VALUES ('55', '3');

INSERT INTO `sbnz`.`champ_classes` (`champion_id`, `champ_class_id`) VALUES ('56', '1');
INSERT INTO `sbnz`.`champ_classes` (`champion_id`, `champ_class_id`) VALUES ('56', '3');

INSERT INTO `sbnz`.`champ_classes` (`champion_id`, `champ_class_id`) VALUES ('57', '2');
INSERT INTO `sbnz`.`champ_classes` (`champion_id`, `champ_class_id`) VALUES ('57', '5');

INSERT INTO `sbnz`.`champ_classes` (`champion_id`, `champ_class_id`) VALUES ('58', '1');
INSERT INTO `sbnz`.`champ_classes` (`champion_id`, `champ_class_id`) VALUES ('58', '2');

INSERT INTO `sbnz`.`champ_classes` (`champion_id`, `champ_class_id`) VALUES ('59', '3');
INSERT INTO `sbnz`.`champ_classes` (`champion_id`, `champ_class_id`) VALUES ('59', '4');

INSERT INTO `sbnz`.`champ_classes` (`champion_id`, `champ_class_id`) VALUES ('60', '1');

INSERT INTO `sbnz`.`champ_classes` (`champion_id`, `champ_class_id`) VALUES ('61', '4');

INSERT INTO `sbnz`.`champ_classes` (`champion_id`, `champ_class_id`) VALUES ('62', '2');
INSERT INTO `sbnz`.`champ_classes` (`champion_id`, `champ_class_id`) VALUES ('62', '6');

INSERT INTO `sbnz`.`champ_classes` (`champion_id`, `champ_class_id`) VALUES ('63', '3');
INSERT INTO `sbnz`.`champ_classes` (`champion_id`, `champ_class_id`) VALUES ('63', '4');

INSERT INTO `sbnz`.`champ_classes` (`champion_id`, `champ_class_id`) VALUES ('64', '1');
INSERT INTO `sbnz`.`champ_classes` (`champion_id`, `champ_class_id`) VALUES ('64', '3');

INSERT INTO `sbnz`.`champ_classes` (`champion_id`, `champ_class_id`) VALUES ('65', '1');
INSERT INTO `sbnz`.`champ_classes` (`champion_id`, `champ_class_id`) VALUES ('65', '2');

INSERT INTO `sbnz`.`champ_classes` (`champion_id`, `champ_class_id`) VALUES ('66', '5');
INSERT INTO `sbnz`.`champ_classes` (`champion_id`, `champ_class_id`) VALUES ('66', '6');

INSERT INTO `sbnz`.`champ_classes` (`champion_id`, `champ_class_id`) VALUES ('67', '2');
INSERT INTO `sbnz`.`champ_classes` (`champion_id`, `champ_class_id`) VALUES ('67', '3');

INSERT INTO `sbnz`.`champ_classes` (`champion_id`, `champ_class_id`) VALUES ('68', '3');

INSERT INTO `sbnz`.`champ_classes` (`champion_id`, `champ_class_id`) VALUES ('69', '4');

INSERT INTO `sbnz`.`champ_classes` (`champion_id`, `champ_class_id`) VALUES ('70', '3');
INSERT INTO `sbnz`.`champ_classes` (`champion_id`, `champ_class_id`) VALUES ('70', '5');

INSERT INTO `sbnz`.`champ_classes` (`champion_id`, `champ_class_id`) VALUES ('71', '3');
INSERT INTO `sbnz`.`champ_classes` (`champion_id`, `champ_class_id`) VALUES ('71', '5');

INSERT INTO `sbnz`.`champ_classes` (`champion_id`, `champ_class_id`) VALUES ('72', '2');
INSERT INTO `sbnz`.`champ_classes` (`champion_id`, `champ_class_id`) VALUES ('72', '6');

INSERT INTO `sbnz`.`champ_classes` (`champion_id`, `champ_class_id`) VALUES ('73', '1');
INSERT INTO `sbnz`.`champ_classes` (`champion_id`, `champ_class_id`) VALUES ('73', '3');

INSERT INTO `sbnz`.`champ_classes` (`champion_id`, `champ_class_id`) VALUES ('74', '3');
INSERT INTO `sbnz`.`champ_classes` (`champion_id`, `champ_class_id`) VALUES ('74', '6');

INSERT INTO `sbnz`.`champ_classes` (`champion_id`, `champ_class_id`) VALUES ('75', '1');
INSERT INTO `sbnz`.`champ_classes` (`champion_id`, `champ_class_id`) VALUES ('75', '2');

INSERT INTO `sbnz`.`champ_classes` (`champion_id`, `champ_class_id`) VALUES ('76', '4');

INSERT INTO `sbnz`.`champ_classes` (`champion_id`, `champ_class_id`) VALUES ('77', '2');

INSERT INTO `sbnz`.`champ_classes` (`champion_id`, `champ_class_id`) VALUES ('78', '3');
INSERT INTO `sbnz`.`champ_classes` (`champion_id`, `champ_class_id`) VALUES ('78', '5');

INSERT INTO `sbnz`.`champ_classes` (`champion_id`, `champ_class_id`) VALUES ('79', '3');
INSERT INTO `sbnz`.`champ_classes` (`champion_id`, `champ_class_id`) VALUES ('79', '5');

INSERT INTO `sbnz`.`champ_classes` (`champion_id`, `champ_class_id`) VALUES ('80', '2');
INSERT INTO `sbnz`.`champ_classes` (`champion_id`, `champ_class_id`) VALUES ('80', '6');

INSERT INTO `sbnz`.`champ_classes` (`champion_id`, `champ_class_id`) VALUES ('81', '2');
INSERT INTO `sbnz`.`champ_classes` (`champion_id`, `champ_class_id`) VALUES ('81', '6');

INSERT INTO `sbnz`.`champ_classes` (`champion_id`, `champ_class_id`) VALUES ('82', '3');
INSERT INTO `sbnz`.`champ_classes` (`champion_id`, `champ_class_id`) VALUES ('82', '5');

INSERT INTO `sbnz`.`champ_classes` (`champion_id`, `champ_class_id`) VALUES ('83', '1');
INSERT INTO `sbnz`.`champ_classes` (`champion_id`, `champ_class_id`) VALUES ('83', '3');

INSERT INTO `sbnz`.`champ_classes` (`champion_id`, `champ_class_id`) VALUES ('84', '1');
INSERT INTO `sbnz`.`champ_classes` (`champion_id`, `champ_class_id`) VALUES ('84', '2');

INSERT INTO `sbnz`.`champ_classes` (`champion_id`, `champ_class_id`) VALUES ('85', '2');
INSERT INTO `sbnz`.`champ_classes` (`champion_id`, `champ_class_id`) VALUES ('85', '6');

INSERT INTO `sbnz`.`champ_classes` (`champion_id`, `champ_class_id`) VALUES ('86', '2');
INSERT INTO `sbnz`.`champ_classes` (`champion_id`, `champ_class_id`) VALUES ('86', '6');

INSERT INTO `sbnz`.`champ_classes` (`champion_id`, `champ_class_id`) VALUES ('87', '3');
INSERT INTO `sbnz`.`champ_classes` (`champion_id`, `champ_class_id`) VALUES ('87', '5');

INSERT INTO `sbnz`.`champ_classes` (`champion_id`, `champ_class_id`) VALUES ('88', '2');
INSERT INTO `sbnz`.`champ_classes` (`champion_id`, `champ_class_id`) VALUES ('88', '6');

INSERT INTO `sbnz`.`champ_classes` (`champion_id`, `champ_class_id`) VALUES ('89', '1');
INSERT INTO `sbnz`.`champ_classes` (`champion_id`, `champ_class_id`) VALUES ('89', '2');

INSERT INTO `sbnz`.`champ_classes` (`champion_id`, `champ_class_id`) VALUES ('90', '2');
INSERT INTO `sbnz`.`champ_classes` (`champion_id`, `champ_class_id`) VALUES ('90', '6');

INSERT INTO `sbnz`.`champ_classes` (`champion_id`, `champ_class_id`) VALUES ('91', '1');
INSERT INTO `sbnz`.`champ_classes` (`champion_id`, `champ_class_id`) VALUES ('91', '5');

INSERT INTO `sbnz`.`champ_classes` (`champion_id`, `champ_class_id`) VALUES ('92', '1');
INSERT INTO `sbnz`.`champ_classes` (`champion_id`, `champ_class_id`) VALUES ('92', '2');

INSERT INTO `sbnz`.`champ_classes` (`champion_id`, `champ_class_id`) VALUES ('93', '1');
INSERT INTO `sbnz`.`champ_classes` (`champion_id`, `champ_class_id`) VALUES ('93', '4');

INSERT INTO `sbnz`.`champ_classes` (`champion_id`, `champ_class_id`) VALUES ('94', '5');

INSERT INTO `sbnz`.`champ_classes` (`champion_id`, `champ_class_id`) VALUES ('95', '2');
INSERT INTO `sbnz`.`champ_classes` (`champion_id`, `champ_class_id`) VALUES ('95', '6');

INSERT INTO `sbnz`.`champ_classes` (`champion_id`, `champ_class_id`) VALUES ('96', '2');

INSERT INTO `sbnz`.`champ_classes` (`champion_id`, `champ_class_id`) VALUES ('97', '6');

INSERT INTO `sbnz`.`champ_classes` (`champion_id`, `champ_class_id`) VALUES ('98', '3');
INSERT INTO `sbnz`.`champ_classes` (`champion_id`, `champ_class_id`) VALUES ('98', '5');

INSERT INTO `sbnz`.`champ_classes` (`champion_id`, `champ_class_id`) VALUES ('99', '2');
INSERT INTO `sbnz`.`champ_classes` (`champion_id`, `champ_class_id`) VALUES ('99', '6');

INSERT INTO `sbnz`.`champ_classes` (`champion_id`, `champ_class_id`) VALUES ('100', '1');
INSERT INTO `sbnz`.`champ_classes` (`champion_id`, `champ_class_id`) VALUES ('100', '2');

INSERT INTO `sbnz`.`champ_classes` (`champion_id`, `champ_class_id`) VALUES ('101', '1');
INSERT INTO `sbnz`.`champ_classes` (`champion_id`, `champ_class_id`) VALUES ('101', '2');

INSERT INTO `sbnz`.`champ_classes` (`champion_id`, `champ_class_id`) VALUES ('102', '2');
INSERT INTO `sbnz`.`champ_classes` (`champion_id`, `champ_class_id`) VALUES ('102', '3');

INSERT INTO `sbnz`.`champ_classes` (`champion_id`, `champ_class_id`) VALUES ('103', '2');
INSERT INTO `sbnz`.`champ_classes` (`champion_id`, `champ_class_id`) VALUES ('103', '3');

INSERT INTO `sbnz`.`champ_classes` (`champion_id`, `champ_class_id`) VALUES ('104', '4');

INSERT INTO `sbnz`.`champ_classes` (`champion_id`, `champ_class_id`) VALUES ('105', '2');
INSERT INTO `sbnz`.`champ_classes` (`champion_id`, `champ_class_id`) VALUES ('105', '6');

INSERT INTO `sbnz`.`champ_classes` (`champion_id`, `champ_class_id`) VALUES ('106', '4');
INSERT INTO `sbnz`.`champ_classes` (`champion_id`, `champ_class_id`) VALUES ('106', '5');

INSERT INTO `sbnz`.`champ_classes` (`champion_id`, `champ_class_id`) VALUES ('107', '3');
INSERT INTO `sbnz`.`champ_classes` (`champion_id`, `champ_class_id`) VALUES ('107', '5');

INSERT INTO `sbnz`.`champ_classes` (`champion_id`, `champ_class_id`) VALUES ('108', '2');
INSERT INTO `sbnz`.`champ_classes` (`champion_id`, `champ_class_id`) VALUES ('108', '6');

INSERT INTO `sbnz`.`champ_classes` (`champion_id`, `champ_class_id`) VALUES ('109', '1');

INSERT INTO `sbnz`.`champ_classes` (`champion_id`, `champ_class_id`) VALUES ('110', '6');

INSERT INTO `sbnz`.`champ_classes` (`champion_id`, `champ_class_id`) VALUES ('111', '2');
INSERT INTO `sbnz`.`champ_classes` (`champion_id`, `champ_class_id`) VALUES ('111', '6');

INSERT INTO `sbnz`.`champ_classes` (`champion_id`, `champ_class_id`) VALUES ('112', '2');
INSERT INTO `sbnz`.`champ_classes` (`champion_id`, `champ_class_id`) VALUES ('112', '6');

INSERT INTO `sbnz`.`champ_classes` (`champion_id`, `champ_class_id`) VALUES ('113', '2');
INSERT INTO `sbnz`.`champ_classes` (`champion_id`, `champ_class_id`) VALUES ('113', '6');

INSERT INTO `sbnz`.`champ_classes` (`champion_id`, `champ_class_id`) VALUES ('114', '4');

INSERT INTO `sbnz`.`champ_classes` (`champion_id`, `champ_class_id`) VALUES ('115', '2');
INSERT INTO `sbnz`.`champ_classes` (`champion_id`, `champ_class_id`) VALUES ('115', '6');

INSERT INTO `sbnz`.`champ_classes` (`champion_id`, `champ_class_id`) VALUES ('116', '3');
INSERT INTO `sbnz`.`champ_classes` (`champion_id`, `champ_class_id`) VALUES ('116', '5');

INSERT INTO `sbnz`.`champ_classes` (`champion_id`, `champ_class_id`) VALUES ('117', '3');
INSERT INTO `sbnz`.`champ_classes` (`champion_id`, `champ_class_id`) VALUES ('117', '5');

INSERT INTO `sbnz`.`champ_classes` (`champion_id`, `champ_class_id`) VALUES ('118', '2');
INSERT INTO `sbnz`.`champ_classes` (`champion_id`, `champ_class_id`) VALUES ('118', '3');

INSERT INTO `sbnz`.`champ_classes` (`champion_id`, `champ_class_id`) VALUES ('119', '1');
INSERT INTO `sbnz`.`champ_classes` (`champion_id`, `champ_class_id`) VALUES ('119', '3');

INSERT INTO `sbnz`.`champ_classes` (`champion_id`, `champ_class_id`) VALUES ('120', '3');
INSERT INTO `sbnz`.`champ_classes` (`champion_id`, `champ_class_id`) VALUES ('120', '5');

INSERT INTO `sbnz`.`champ_classes` (`champion_id`, `champ_class_id`) VALUES ('121', '5');
INSERT INTO `sbnz`.`champ_classes` (`champion_id`, `champ_class_id`) VALUES ('121', '6');

INSERT INTO `sbnz`.`champ_classes` (`champion_id`, `champ_class_id`) VALUES ('122', '3');
INSERT INTO `sbnz`.`champ_classes` (`champion_id`, `champ_class_id`) VALUES ('122', '5');

INSERT INTO `sbnz`.`champ_classes` (`champion_id`, `champ_class_id`) VALUES ('123', '1');

INSERT INTO `sbnz`.`champ_classes` (`champion_id`, `champ_class_id`) VALUES ('124', '2');
INSERT INTO `sbnz`.`champ_classes` (`champion_id`, `champ_class_id`) VALUES ('124', '5');

INSERT INTO `sbnz`.`champ_classes` (`champion_id`, `champ_class_id`) VALUES ('125', '1');
INSERT INTO `sbnz`.`champ_classes` (`champion_id`, `champ_class_id`) VALUES ('125', '4');

INSERT INTO `sbnz`.`champ_classes` (`champion_id`, `champ_class_id`) VALUES ('126', '2');
INSERT INTO `sbnz`.`champ_classes` (`champion_id`, `champ_class_id`) VALUES ('126', '5');

INSERT INTO `sbnz`.`champ_classes` (`champion_id`, `champ_class_id`) VALUES ('127', '1');
INSERT INTO `sbnz`.`champ_classes` (`champion_id`, `champ_class_id`) VALUES ('127', '4');

INSERT INTO `sbnz`.`champ_classes` (`champion_id`, `champ_class_id`) VALUES ('128', '2');
INSERT INTO `sbnz`.`champ_classes` (`champion_id`, `champ_class_id`) VALUES ('128', '6');

INSERT INTO `sbnz`.`champ_classes` (`champion_id`, `champ_class_id`) VALUES ('129', '1');
INSERT INTO `sbnz`.`champ_classes` (`champion_id`, `champ_class_id`) VALUES ('129', '2');

INSERT INTO `sbnz`.`champ_classes` (`champion_id`, `champ_class_id`) VALUES ('130', '3');

INSERT INTO `sbnz`.`champ_classes` (`champion_id`, `champ_class_id`) VALUES ('131', '1');
INSERT INTO `sbnz`.`champ_classes` (`champion_id`, `champ_class_id`) VALUES ('131', '4');

INSERT INTO `sbnz`.`champ_classes` (`champion_id`, `champ_class_id`) VALUES ('132', '2');
INSERT INTO `sbnz`.`champ_classes` (`champion_id`, `champ_class_id`) VALUES ('132', '6');

INSERT INTO `sbnz`.`champ_classes` (`champion_id`, `champ_class_id`) VALUES ('133', '2');
INSERT INTO `sbnz`.`champ_classes` (`champion_id`, `champ_class_id`) VALUES ('133', '6');

INSERT INTO `sbnz`.`champ_classes` (`champion_id`, `champ_class_id`) VALUES ('134', '3');
INSERT INTO `sbnz`.`champ_classes` (`champion_id`, `champ_class_id`) VALUES ('134', '4');

INSERT INTO `sbnz`.`champ_classes` (`champion_id`, `champ_class_id`) VALUES ('135', '1');
INSERT INTO `sbnz`.`champ_classes` (`champion_id`, `champ_class_id`) VALUES ('135', '4');

INSERT INTO `sbnz`.`champ_classes` (`champion_id`, `champ_class_id`) VALUES ('136', '3');

INSERT INTO `sbnz`.`champ_classes` (`champion_id`, `champ_class_id`) VALUES ('137', '3');

INSERT INTO `sbnz`.`champ_classes` (`champion_id`, `champ_class_id`) VALUES ('138', '3');

INSERT INTO `sbnz`.`champ_classes` (`champion_id`, `champ_class_id`) VALUES ('139', '1');
INSERT INTO `sbnz`.`champ_classes` (`champion_id`, `champ_class_id`) VALUES ('139', '2');

INSERT INTO `sbnz`.`champ_classes` (`champion_id`, `champ_class_id`) VALUES ('140', '1');
INSERT INTO `sbnz`.`champ_classes` (`champion_id`, `champ_class_id`) VALUES ('140', '2');

INSERT INTO `sbnz`.`champ_classes` (`champion_id`, `champ_class_id`) VALUES ('141', '3');

INSERT INTO `sbnz`.`champ_classes` (`champion_id`, `champ_class_id`) VALUES ('142', '3');

INSERT INTO `sbnz`.`champ_classes` (`champion_id`, `champ_class_id`) VALUES ('143', '2');
INSERT INTO `sbnz`.`champ_classes` (`champion_id`, `champ_class_id`) VALUES ('143', '6');

INSERT INTO `sbnz`.`champ_classes` (`champion_id`, `champ_class_id`) VALUES ('144', '2');
INSERT INTO `sbnz`.`champ_classes` (`champion_id`, `champ_class_id`) VALUES ('144', '6');

INSERT INTO `sbnz`.`champ_classes` (`champion_id`, `champ_class_id`) VALUES ('145', '2');
INSERT INTO `sbnz`.`champ_classes` (`champion_id`, `champ_class_id`) VALUES ('145', '6');

INSERT INTO `sbnz`.`champ_classes` (`champion_id`, `champ_class_id`) VALUES ('146', '4');

INSERT INTO `sbnz`.`champ_classes` (`champion_id`, `champ_class_id`) VALUES ('147', '3');

INSERT INTO `sbnz`.`champ_classes` (`champion_id`, `champ_class_id`) VALUES ('148', '1');
INSERT INTO `sbnz`.`champ_classes` (`champion_id`, `champ_class_id`) VALUES ('148', '2');

INSERT INTO `sbnz`.`champ_classes` (`champion_id`, `champ_class_id`) VALUES ('149', '1');
INSERT INTO `sbnz`.`champ_classes` (`champion_id`, `champ_class_id`) VALUES ('149', '2');

INSERT INTO `sbnz`.`champ_classes` (`champion_id`, `champ_class_id`) VALUES ('150', '1');
INSERT INTO `sbnz`.`champ_classes` (`champion_id`, `champ_class_id`) VALUES ('150', '2');

INSERT INTO `sbnz`.`champ_classes` (`champion_id`, `champ_class_id`) VALUES ('151', '2');
INSERT INTO `sbnz`.`champ_classes` (`champion_id`, `champ_class_id`) VALUES ('151', '6');

INSERT INTO `sbnz`.`champ_classes` (`champion_id`, `champ_class_id`) VALUES ('152', '3');
INSERT INTO `sbnz`.`champ_classes` (`champion_id`, `champ_class_id`) VALUES ('152', '5');

INSERT INTO `sbnz`.`champ_classes` (`champion_id`, `champ_class_id`) VALUES ('153', '2');
INSERT INTO `sbnz`.`champ_classes` (`champion_id`, `champ_class_id`) VALUES ('153', '6');

INSERT INTO `sbnz`.`champ_classes` (`champion_id`, `champ_class_id`) VALUES ('154', '1');

INSERT INTO `sbnz`.`champ_classes` (`champion_id`, `champ_class_id`) VALUES ('155', '4');

INSERT INTO `sbnz`.`champ_classes` (`champion_id`, `champ_class_id`) VALUES ('156', '3');

INSERT INTO `sbnz`.`champ_classes` (`champion_id`, `champ_class_id`) VALUES ('157', '3');
INSERT INTO `sbnz`.`champ_classes` (`champion_id`, `champ_class_id`) VALUES ('157', '5');

INSERT INTO `sbnz`.`champ_classes` (`champion_id`, `champ_class_id`) VALUES ('158', '3');
INSERT INTO `sbnz`.`champ_classes` (`champion_id`, `champ_class_id`) VALUES ('158', '5');

INSERT INTO `sbnz`.`champ_classes` (`champion_id`, `champ_class_id`) VALUES ('159', '3');
INSERT INTO `sbnz`.`champ_classes` (`champion_id`, `champ_class_id`) VALUES ('159', '5');